post_id,post_text,post_url,comments
"En ligne
Orange 
s
S
p
r
o
t
d",En ligne Orange  s S p r o t d o e n 1 8  5 f t h 9 0 c 4 2 g f 8 4 c 8 m 6 1 i g i 9 m 4 1 8 7 2 6 4 4 4 4 i 0 6 3 5 m 1 g f c 9 4 n 1   · عيش تجربة جديدة مع اللservice الجديد Exscape قيّد توّا و ألعب مع الشلة في عالم الMetaverse والgaming برشة كادوات  للربح تستنى فيك   من هوني   https://onelink.to/exscape تمتع ب 3 أيام بلاش مبعد 600 مليم  في النهار 0:15 / 0:44 J’aime Commenter,https://www.facebook.com/orange.tn/,"Ķhiłifi Açhref فام flybox انترناة اليمتي او لخلص كل شهر | Auteur Orange عسلامة ومرحبا بيك Ķhiłifi Açhref , عرض ال-flybox موش illimité مع عروض ال-Fixbox ال-Darbox وال-Darbox + تتمتع بانترنيت illimitée … En voir plus | Ahmed Msekni سلام ،حبيت نعرف شنية امتيازات خدمة Transfert de crédit و قداش سمو؟ | Auteur Orange عسلامة Ahmed Msekni، transfert de crédit معناها تبعث فلوس من رقم Orange إلى رقم Orange اخر … En voir plus | Să Lāh BK واللي ربح معكم تالفوان على maxit في دوار العجلة و طفيتو عليه الضوء مش تحيال هذا | Auteur Orange عسلامة ومرحبا بيك Să Lāh BK من فضلك تتصل بنا على الخاص ( messenger، maxit ) وتمدنا بالمعطيات التالية : اسمك ولقبك، العنوان بالكامل ،( الولاية ) و الرقم متاعك، باش نجمو نرجعوا نتصلو بيك.… En voir plus"
"En ligne
Orange 
  ·
الجديد مع",En ligne Orange    · الجديد مع Orange   كان عندك قريبك ولا صاحبك فالخارج إهديلو Pass Roaming من تونس كي تكمبوزي *124*8# Toutes les réactions : 8 9 1 J’aime Commenter,https://www.facebook.com/photo/?fbid=949988963825944&set=a.719505083541001,"عدنان الثعالبي كيفاه نخلص فاتورة خط ADSL بالـ eDdinar smart | Saîd Ahmed Normal wana à l'étranger teb3touli ce Message, alors ma3malt 7atta abonnement, sir9a jhar !!!!! Vous avez un abonnement actif au service Orange Arena. Votre abonnement a été renouvelé et votre compte mobile a été débité de 0.5 TND. Désinscription gratu… En voir plus"
"En ligne
Orange 
  ·
مع Partag","En ligne Orange    · مع Partagi Net ديمة connecté أبعث أنترنات من تاليفونك  للFlybox ولّا   للclé متاعك ل4 من العزاز عليك  كومبوزي *224# Toutes les réactions : 51 10 J’aime Commenter Voir plus de commentaires Ķhiłifi Açhref فام flybox انترناة اليمتي او لخلص كل شهر 5 h Auteur Orange عسلامة ومرحبا بيك Ķhiłifi Açhref , عرض ال-flybox موش illimité مع عروض ال-Fixbox ال-Darbox وال-Darbox + تتمتع بانترنيت illimitée … En voir plus 5 h",https://www.facebook.com/photo/?fbid=949876217170552&set=a.719505083541001,Ķhiłifi Açhref فام flybox انترناة اليمتي او لخلص كل شهر | Hichem Ghannem Redmi 13c 8|256.mawjoud | Sii Fares Sh شنو عروض flybox موجودة و اسعار | Roukaya Maaouia
"En ligne
Orange 
  ·
حصريََا ع",En ligne Orange    · حصريََا على orange.tn اشري الsmartphone الجديد OPPO RENO12F و عيش تجربة خارقة للعادة باعز سوم و زيد معاه  sac à dos  و buds هدية  من هوني  https://www.orange.tn/smartphones/oppo-reno-12f-5g- Orange Fournisseur d’accès Internet Toutes les réactions : 765 28 8 J’aime Commenter Voir plus de commentaires Ahmed Msekni سلام ،حبيت نعرف شنية امتيازات خدمة Transfert de crédit و قداش سمو؟ 5 h Auteur Orange عسلامة Ahmed Msekni، transfert de crédit معناها تبعث فلوس من رقم Orange إلى رقم Orange اخر … En voir plus 4 h,https://www.facebook.com/photo/?fbid=948606263964214&set=a.719505083541001,Ahmed Msekni سلام ،حبيت نعرف شنية امتيازات خدمة Transfert de crédit و قداش سمو؟ | Manel Aouini بربي نحب نعرف علاش تعديو 1 Go من روسكم وانا منحبش.وكي نحب انحيها الفازة مانلقى شي.تبعثونا ل 10 تدخل ماتلقى شي | Sofiene Hammami سلام، انا قبل كنت نصب كارطة ب5دينار دينار نلقى بونيس ب 90دينار تو معادش نلقا شي تعملو مزية ترجعولي الخط متاعي كيما قبل يمكن عملتش انا ابسيون بالغالط يرحم والديكم | Ahmed Amine Mahmoudi Orange سلام بلاهي كفاش نحي اشتراك يمكن عاملوا بالغالط خاتر كل مانصب فلوس يفوا فيسع ماغير منعمل باهم شي | Sofien Amri Possible de facilité de paiement ? | Sassigadour Sassi Prix cv
